<?xml version="1.0" encoding="UTF-8"?>
<project-private xmlns="http://www.netbeans.org/ns/project-private/1">
    <editor-bookmarks xmlns="http://www.netbeans.org/ns/editor-bookmarks/2" lastBookmarkId="0"/>
    <open-files xmlns="http://www.netbeans.org/ns/projectui-open-files/2">
        <group>
            <file>file:/C:/Users/Pedro%20Nunes/Desktop/Pedro%20Faculdade%203/DESENVOLVIMENTO%20DE%20APLICAÇÕES%20ORIENTADAS%20A%20OBJETOS/Lista%20de%20Exercício%206/ListaDeExercícios05/src/exercicio03/Candidato.java</file>
            <file>file:/C:/Users/Pedro%20Nunes/Desktop/Pedro%20Faculdade%203/DESENVOLVIMENTO%20DE%20APLICAÇÕES%20ORIENTADAS%20A%20OBJETOS/Lista%20de%20Exercício%206/ListaDeExercícios05/src/exercicio03/Main.java</file>
            <file>file:/C:/Users/Pedro%20Nunes/Desktop/Pedro%20Faculdade%203/DESENVOLVIMENTO%20DE%20APLICAÇÕES%20ORIENTADAS%20A%20OBJETOS/Lista%20de%20Exercício%206/ListaDeExercícios05/src/exercicio03/Acoes.java</file>
            <file>file:/C:/Users/Pedro%20Nunes/Desktop/Pedro%20Faculdade%203/DESENVOLVIMENTO%20DE%20APLICAÇÕES%20ORIENTADAS%20A%20OBJETOS/Lista%20de%20Exercício%206/ListaDeExercícios05/src/exercicio03/Funcionario.java</file>
            <file>file:/C:/Users/Pedro%20Nunes/Desktop/Pedro%20Faculdade%203/DESENVOLVIMENTO%20DE%20APLICAÇÕES%20ORIENTADAS%20A%20OBJETOS/Lista%20de%20Exercício%206/ListaDeExercícios05/src/exercicio03/TelaVisualizacao.java</file>
            <file>file:/C:/Users/Pedro%20Nunes/Desktop/Pedro%20Faculdade%203/DESENVOLVIMENTO%20DE%20APLICAÇÕES%20ORIENTADAS%20A%20OBJETOS/Lista%20de%20Exercício%206/ListaDeExercícios05/src/exercicio03/Janela.java</file>
            <file>file:/C:/Users/Pedro%20Nunes/Desktop/Pedro%20Faculdade%203/DESENVOLVIMENTO%20DE%20APLICAÇÕES%20ORIENTADAS%20A%20OBJETOS/Lista%20de%20Exercício%206/ListaDeExercícios05/src/exercicio03/TelaCadastro.java</file>
            <file>file:/C:/Users/Pedro%20Nunes/Desktop/Pedro%20Faculdade%203/DESENVOLVIMENTO%20DE%20APLICAÇÕES%20ORIENTADAS%20A%20OBJETOS/Lista%20de%20Exercício%206/ListaDeExercícios05/src/exercicio03/TelaGerenciamento.java</file>
            <file>file:/C:/Users/Pedro%20Nunes/Desktop/Pedro%20Faculdade%203/DESENVOLVIMENTO%20DE%20APLICAÇÕES%20ORIENTADAS%20A%20OBJETOS/Lista%20de%20Exercício%206/ListaDeExercícios05/src/exercicio03/TelaOpcoes.java</file>
            <file>file:/C:/Users/Pedro%20Nunes/Desktop/Pedro%20Faculdade%203/DESENVOLVIMENTO%20DE%20APLICAÇÕES%20ORIENTADAS%20A%20OBJETOS/Lista%20de%20Exercício%206/ListaDeExercícios05/src/exercicio03/Pessoa.java</file>
        </group>
    </open-files>
</project-private>
