<?xml version="1.0" encoding="UTF-8"?>
<project-private xmlns="http://www.netbeans.org/ns/project-private/1">
    <editor-bookmarks xmlns="http://www.netbeans.org/ns/editor-bookmarks/2" lastBookmarkId="0"/>
    <open-files xmlns="http://www.netbeans.org/ns/projectui-open-files/2">
        <group>
            <file>file:/C:/Users/pedro/OneDrive/Área%20de%20Trabalho/Pedro%20Faculdade%203/DESENVOLVIMENTO%20DE%20APLICAÇÕES%20ORIENTADAS%20A%20OBJETOS/Lista%20de%20Exercícios%201/Ex1_L1/src/Main.java</file>
            <file>file:/C:/Users/pedro/OneDrive/Área%20de%20Trabalho/Pedro%20Faculdade%203/DESENVOLVIMENTO%20DE%20APLICAÇÕES%20ORIENTADAS%20A%20OBJETOS/Lista%20de%20Exercícios%201/Ex1_L1/src/Conta.java</file>
        </group>
    </open-files>
</project-private>
